{
  "configName": "auth-cafe-configuration",
  "dataSources": [
    {
      "id": "participants",
      "host": "http://aim.tdameritrade.com/auth-session",
      "operations": [
        {
          "fetch": "/"
        },
        {
          "get": "/{event-id}"
        },
        {
          "delete": "taxId"
        },
        {
          "put": "id"
        }
      ],
      "mockDataSet": [
      {
        "issuerParty": "AMTD",
        "taxId": "5562",
        "editable": false,
        "employment": {
          "employeeNumber": "1234",
          "hireDate": "2000-08-13",
          "terminationDate": null
        },
        "fullName": {
          "given": "JEFFREY",
          "middle": "H",
          "family": "BAIG"
        },
        "addresses": [{
            "context": "home",
            "lineOne": "2780 SW 69TH",
            "lineTwo": null,
            "city": "MIAMI",
            "countrySubdivision": null,
            "postalCode": "33155",
            "countryCode": "US"
          },
          {
            "context": "work",
            "lineOne": "456 Work St",
            "lineTwo": null,
            "city": "Fantasy Island",
            "countrySubdivision": null,
            "postalCode": "68750",
            "countryCode": "US"
          }
        ],
        "phoneNumbers": [{
            "context": "home",
            "digits": "800-123-1234"
          },
          {
            "context": "work",
            "digits": "5555-555-5555"
          }
        ],
        "emailAddresses": [{
          "context": "home",
          "address": "noemail@test.com"
        }],
        "id": 9,
        "promoted": true,
        "birthDate": "1950-08-13",
        "uuid": "daaea3c6-6eea-d2f1-6919-eb3f72196b6b"
      }
    ]
  }],

  "views": [
    {
      "name": "Participants",
      "id": "formParticipants",
      "type": "FormView",
      "dataSource": "participantsForm",
      "recordId": "token1",
      "formField": true,
      "columns": [
        {
          "id": "issuerParty",
          "label": "Issuer Party Id",
          "path": "/issuerParty",
          "readOnly": false
        },
        {
          "id": "taxId",
          "label": "taxId",
          "path": "/taxId",
          "readOnly": true
        },
        {
          "id": "employment",
          "label": "Employment",
          "path": "/employment",
          "displayer": {
            "type": "string",
            "separator": "\n",
            "pattern": "{employeeNumber}\n{hireDate}\n{terminateDate}"
          },
          "formatter": {
            "name": "changeDateFormat",
            "pattern": "{hireDate}",
            "type": "date"
          },
          "readOnly": false
        },
        {
          "id": "fullName",
          "label": "Full Name",
          "path": "/fullName",
          "displayer": {
            "type": "string",
            "separator": ",",
            "pattern": "{given}\n{middle}\n{family}"
          },
          "readOnly": false
        },
        {
          "id": "addresses",
          "label": "Addresses",
          "path": "/Addresses",
          "stateName": "participants",
          "homeChecked": false,
          "workChecked": true,
          "displayer": {
            "type": "string",
            "separator": "\n",
            "pattern": "{lineOne}\n{lineTwo}\n{city}\n{countrySubdivision}\n{postalCode}\n{countryCode}"
          },
          "readOnly": false
        },
        {
          "id": "phoneNumbers",
          "label": "phoneNumbers",
          "path": "/phoneNumbers",
          "stateName": "participants",
          "homeChecked": false,
          "workChecked": true,
          "displayer": {
            "type": "string",
            "pattern": "{digits}"
          },
          "readOnly": false
        },
        {
          "id": "emailAddresses",
          "label": "emailAddresses",
          "path": "/emailAddresses",
          "stateName": "participants",
          "homeChecked": true,
          "workChecked": false,
          "displayer": {
            "type": "string",
            "pattern": "{address}"
          },
          "readOnly": false
        },
        {
          "id": "id",
          "label": "id",
          "path": "/id",
          "readOnly": false
        },
        {
          "id": "promoted",
          "label": "promoted",
          "path": "/promoted",
          "formatter": {
            "name": "booleanFormater",
            "type": "boolean"
          },
          "readOnly": false
        },
        {
          "id": "birthDate",
          "label": "birthDate",
          "path": "/birthDate",
          "formatter": {
            "name": "changeDateFormat",
            "type": "date"
          },
          "readOnly": false
        },
        {
          "id": "uuid",
          "label": "uuid",
          "path": "/uuid",
          "readOnly": false
        }
      ]
    }
  ]
}